keyword,cluster,est_volume,intent,cv_distance,difficulty,ai_risk,priority_rank,note
保育士 面接 質問,C11_採用側・選考突破【中核】,"1,000",Know,A,High,中,,推定/根拠:大手（人材バンク等）が回答例付きで独占。園長の『実際に何を見ているか』で差別化
保育士 面接 逆質問,C11_採用側・選考突破【中核】,500,Know,A,Mid,低,1,推定/根拠:逆質問＝園の見極め手段。採用側が好感/減点する質問を実名で語れるのは決裁者だけ【P2重点:30代・経験5年以上・失敗回避層】
保育士 面接 逆質問 ng,C11_採用側・選考突破【中核】,100,Know,A,Low,低,,推定/根拠:NG事例は採用側しか断定できない。園長監修の独自性が最も出る型
保育士 面接 逆質問 何個,C11_採用側・選考突破【中核】,50,Know,B,Low,中,,推定/根拠:選考直前KW。SERPは人材紹介の自社メディアばかり＝採用決裁者の一次情報で差別化可能
保育士 面接 服装,C11_採用側・選考突破【中核】,"1,000",Know,C,High,高,,推定/根拠:服装は事実回答型でAI Overviews直撃。集客用に留める
保育士 面接 落ちた 理由,C11_採用側・選考突破【中核】,500,Know,A,Mid,低,5,推定/根拠:不採用理由（保育観の不一致/待遇偏重/コミュニケーション）は採用側視点が本命
保育士 面接 落ちる人 特徴,C11_採用側・選考突破【中核】,100,Know,A,Low,低,,推定/根拠:選考直前KW。SERPは人材紹介の自社メディアばかり＝採用決裁者の一次情報で差別化可能
保育士 面接 園長 見るところ,C11_採用側・選考突破【中核】,50,Know,A,Low,低,7,推定/根拠:検索母数は小さいが完全な空白地帯。サイトの旗艦記事になりうる
保育士 面接 採用 決め手,C11_採用側・選考突破【中核】,100,Know,A,Low,低,,推定/根拠:選考直前KW。SERPは人材紹介の自社メディアばかり＝採用決裁者の一次情報で差別化可能
保育士 採用されやすい人 特徴,C11_採用側・選考突破【中核】,100,Know,A,Low,低,,推定/根拠:選考直前KW。SERPは人材紹介の自社メディアばかり＝採用決裁者の一次情報で差別化可能
保育士 面接 保育観 答え方,C11_採用側・選考突破【中核】,100,Do,A,Low,低,50,推定/根拠:『保育観の不一致』が不採用理由の中核（複数メディアが言及）。深掘り余地大【P2重点:30代・経験5年以上・失敗回避層】
保育士 面接 手応えあったのに落ちた,C11_採用側・選考突破【中核】,50,Know,B,Low,低,,推定/根拠:選考直前KW。SERPは人材紹介の自社メディアばかり＝採用決裁者の一次情報で差別化可能
保育士 面接 給料 聞いていい,C11_採用側・選考突破【中核】,100,Know,A,Low,低,48,推定/根拠:通説は『見学時に給与を聞くな』。園長として反論・条件付き肯定ができる差別化KW【P2重点:30代・経験5年以上・失敗回避層】
保育士 面接 残業 聞き方,C11_採用側・選考突破【中核】,100,Do,A,Low,低,,【P2重点:30代・経験5年以上・失敗回避層】
保育士 面接 自己紹介 例文,C11_採用側・選考突破【中核】,500,Do,B,Mid,高,,推定/根拠:選考直前KW。SERPは人材紹介の自社メディアばかり＝採用決裁者の一次情報で差別化可能
保育士 面接 当日 流れ,C11_採用側・選考突破【中核】,100,Know,C,Low,中,,推定/根拠:選考直前KW。SERPは人材紹介の自社メディアばかり＝採用決裁者の一次情報で差別化可能
保育士 面接 実技 ピアノ 転職,C11_採用側・選考突破【中核】,100,Know,B,Low,中,,推定/根拠:選考直前KW。SERPは人材紹介の自社メディアばかり＝採用決裁者の一次情報で差別化可能
保育士 一次面接 二次面接 違い,C11_採用側・選考突破【中核】,50,Know,C,Low,中,,推定/根拠:選考直前KW。SERPは人材紹介の自社メディアばかり＝採用決裁者の一次情報で差別化可能
保育士 面接 メモ 持ち込み,C11_採用側・選考突破【中核】,50,Know,C,Low,中,,推定/根拠:選考直前KW。SERPは人材紹介の自社メディアばかり＝採用決裁者の一次情報で差別化可能
保育士 面接 結果 遅い,C11_採用側・選考突破【中核】,100,Know,B,Low,中,,推定/根拠:選考直前KW。SERPは人材紹介の自社メディアばかり＝採用決裁者の一次情報で差別化可能
保育士 志望動機,C11_採用側・選考突破【中核】,"5,000",Do,B,High,中,,推定/根拠:例文需要が巨大。養成校・大手が独占しAIにも直接生成される。ピラー配下で受ける
保育士 志望動機 例文,C11_採用側・選考突破【中核】,"5,000",Do,B,High,高,,推定/根拠:選考直前KW。SERPは人材紹介の自社メディアばかり＝採用決裁者の一次情報で差別化可能
保育士 志望動機 転職 例文,C11_採用側・選考突破【中核】,"1,000",Do,B,High,高,,推定/根拠:選考直前KW。SERPは人材紹介の自社メディアばかり＝採用決裁者の一次情報で差別化可能
保育士 履歴書 志望動機,C11_採用側・選考突破【中核】,"1,000",Do,B,High,高,,推定/根拠:選考直前KW。SERPは人材紹介の自社メディアばかり＝採用決裁者の一次情報で差別化可能
保育士 志望動機 未経験,C11_採用側・選考突破【中核】,500,Do,B,Mid,高,,推定/根拠:選考直前KW。SERPは人材紹介の自社メディアばかり＝採用決裁者の一次情報で差別化可能
保育士 志望動機 ブランク,C11_採用側・選考突破【中核】,500,Do,B,Mid,高,,推定/根拠:選考直前KW。SERPは人材紹介の自社メディアばかり＝採用決裁者の一次情報で差別化可能
保育士 志望動機 人間関係が理由,C11_採用側・選考突破【中核】,100,Do,A,Low,低,47,推定/根拠:本音→建前の言い換えは事例判断型でAIが弱い。悩み層と選考層の結節点
保育士 志望動機 待遇 書き方,C11_採用側・選考突破【中核】,50,Do,A,Low,低,,推定/根拠:『待遇偏重は減点』の通説に対し、採用側がOKな書き方を示せる【P2重点:30代・経験5年以上・失敗回避層】
保育士 志望動機 刺さる 採用側,C11_採用側・選考突破【中核】,50,Do,A,Low,低,,推定/根拠:選考直前KW。SERPは人材紹介の自社メディアばかり＝採用決裁者の一次情報で差別化可能
保育士 自己PR 例文,C11_採用側・選考突破【中核】,"1,000",Do,C,Mid,高,,推定/根拠:選考直前KW。SERPは人材紹介の自社メディアばかり＝採用決裁者の一次情報で差別化可能
保育士 自己PR 経験者,C11_採用側・選考突破【中核】,100,Do,B,Low,中,,【P2重点:30代・経験5年以上・失敗回避層】
保育士 職務経歴書 書き方,C11_採用側・選考突破【中核】,500,Do,B,Mid,中,,推定/根拠:選考直前KW。SERPは人材紹介の自社メディアばかり＝採用決裁者の一次情報で差別化可能
保育士 職務経歴書 テンプレート,C11_採用側・選考突破【中核】,500,Do,C,Mid,中,,推定/根拠:選考直前KW。SERPは人材紹介の自社メディアばかり＝採用決裁者の一次情報で差別化可能
保育士 職務経歴書 いらない,C11_採用側・選考突破【中核】,50,Know,C,Low,中,,推定/根拠:選考直前KW。SERPは人材紹介の自社メディアばかり＝採用決裁者の一次情報で差別化可能
保育士 履歴書 転職回数 多い 書き方,C11_採用側・選考突破【中核】,100,Do,A,Low,低,18,推定/根拠:短期離職の見せ方。採用側の許容ラインを語れるのは決裁者のみ【P2重点:30代・経験5年以上・失敗回避層】
保育士 履歴書 空白期間 書き方,C11_採用側・選考突破【中核】,100,Do,B,Low,中,,推定/根拠:選考直前KW。SERPは人材紹介の自社メディアばかり＝採用決裁者の一次情報で差別化可能
保育士 応募書類 手書き パソコン どっち,C11_採用側・選考突破【中核】,100,Know,C,Low,中,,推定/根拠:選考直前KW。SERPは人材紹介の自社メディアばかり＝採用決裁者の一次情報で差別化可能
保育士 履歴書 書き方,C11_採用側・選考突破【中核】,"1,000",Do,C,Mid,中,,推定/根拠:選考直前KW。SERPは人材紹介の自社メディアばかり＝採用決裁者の一次情報で差別化可能
保育士 転職 退職理由 例文,C11_採用側・選考突破【中核】,500,Do,A,Mid,低,6,推定/根拠:退職理由の言い換えは選考通過の要所。悩み層→応募のCV導線【P2重点:30代・経験5年以上・失敗回避層】
保育士 退職理由 人間関係 伝え方,C11_採用側・選考突破【中核】,100,Do,A,Low,低,,推定/根拠:選考直前KW。SERPは人材紹介の自社メディアばかり＝採用決裁者の一次情報で差別化可能
保育園 見学 質問 リスト,C11_採用側・選考突破【中核】,500,Do,A,Mid,低,4,推定/根拠:大手が10〜25選型で上位。数値で答えさせる質問設計＋園長の『答えられない園＝黒』で上書き可能
保育園 見学 チェックポイント,C11_採用側・選考突破【中核】,500,Do,A,Mid,低,3,推定/根拠:見学は応募直前の行動。CV距離が最短クラス【P2重点:30代・経験5年以上・失敗回避層】
保育園 見学 服装,C11_採用側・選考突破【中核】,500,Know,C,Mid,高,,推定/根拠:選考直前KW。SERPは人材紹介の自社メディアばかり＝採用決裁者の一次情報で差別化可能
保育園 見学 アポ 電話 例文,C11_採用側・選考突破【中核】,100,Do,B,Low,中,,推定/根拠:電話は10-11時/13-15時が推奨との記述が複数。手順型でAI耐性中
保育園 見学 給料 聞いていい,C11_採用側・選考突破【中核】,50,Know,A,Low,低,,推定/根拠:通説への反論枠。園長監修の看板記事候補【P2重点:30代・経験5年以上・失敗回避層】
保育園 見学 断られた,C11_採用側・選考突破【中核】,50,Know,A,Low,低,,推定/根拠:見学を断る園の内情は決裁者しか書けない。ブラック判定シグナルと接続
保育園 見学 だけ 応募しない,C11_採用側・選考突破【中核】,50,Know,B,Low,低,,推定/根拠:選考直前KW。SERPは人材紹介の自社メディアばかり＝採用決裁者の一次情報で差別化可能
保育園 見学 お礼メール 例文,C11_採用側・選考突破【中核】,100,Do,C,Low,中,,推定/根拠:選考直前KW。SERPは人材紹介の自社メディアばかり＝採用決裁者の一次情報で差別化可能
ブラック保育園 見分け方,C11_採用側・選考突破【中核】,500,Know,A,Mid,低,2,推定/根拠:大手はチェックリスト型止まり。『残業/配置基準/離職率を数値で聞き、答えられるか』の採用側基準で差別化【P2重点:30代・経験5年以上・失敗回避層】
ブラック保育園 特徴,C11_採用側・選考突破【中核】,"1,000",Know,B,Mid,低,,推定/根拠:選考直前KW。SERPは人材紹介の自社メディアばかり＝採用決裁者の一次情報で差別化可能
保育園 離職率 調べ方,C11_採用側・選考突破【中核】,100,Do,A,Low,低,10,推定/根拠:現況報告書・財務諸表など公開一次情報の読み方。競合ほぼ不在【P2重点:30代・経験5年以上・失敗回避層】
保育園 求人 出し続けている 理由,C11_採用側・選考突破【中核】,100,Know,A,Low,低,9,推定/根拠:『常時募集＝離職率のシグナル』。採用側の実態解説で独占可能【P2重点:30代・経験5年以上・失敗回避層】
保育士 求人票 見方 チェックポイント,C11_採用側・選考突破【中核】,100,Know,A,Low,低,8,推定/根拠:求人票の裏の読み方。園長が書く前提で独自性が最大化【P2重点:30代・経験5年以上・失敗回避層】
保育士 求人 情報 実際と違う,C11_採用側・選考突破【中核】,50,Know,A,Low,低,,推定/根拠:選考直前KW。SERPは人材紹介の自社メディアばかり＝採用決裁者の一次情報で差別化可能
保育士 人材紹介 手数料 園 負担,C11_採用側・選考突破【中核】,100,Know,A,Low,低,11,推定/根拠:相場は理論年収の30〜35%（年収350万で約105〜122万円）。求職者向けに解説した記事はほぼ皆無＝空白地帯。【利益相反フラグ:紹介会社送客収益と主張が衝突しうる。中立記述＋収益導線の設計を別途協議】
保育士 紹介会社 経由 不利,C11_採用側・選考突破【中核】,100,Know,A,Low,低,13,推定/根拠:SERPは紹介会社の自社メディアのみでポジショントーク。中立解説の空白。【利益相反フラグ:紹介会社送客収益と主張が衝突しうる。中立記述＋収益導線の設計を別途協議】
保育士 直接応募 紹介 どっち,C11_採用側・選考突破【中核】,100,Know,A,Low,低,12,推定/根拠:比較意思決定型でAI耐性高。【利益相反フラグ:紹介会社送客収益と主張が衝突しうる。中立記述＋収益導線の設計を別途協議】【P2重点:30代・経験5年以上・失敗回避層】
保育士 直接応募 やり方,C11_採用側・選考突破【中核】,100,Do,B,Low,中,,【利益相反フラグ:紹介会社送客収益と主張が衝突しうる。中立記述＋収益導線の設計を別途協議】
保育士 直接応募 メリット デメリット,C11_採用側・選考突破【中核】,100,Know,A,Low,低,,【利益相反フラグ:紹介会社送客収益と主張が衝突しうる。中立記述＋収益導線の設計を別途協議】
保育士 ハローワーク 直接応募,C11_採用側・選考突破【中核】,100,Do,B,Low,中,,【利益相反フラグ:紹介会社送客収益と主張が衝突しうる。中立記述＋収益導線の設計を別途協議】
保育士 採用 年齢 何歳まで,C11_採用側・選考突破【中核】,100,Know,A,Low,低,49,推定/根拠:採用側の本音領域。40-50代層の不安に直接答えられる
保育士 転職 何社受ける,C11_採用側・選考突破【中核】,50,Know,B,Low,低,,推定/根拠:選考直前KW。SERPは人材紹介の自社メディアばかり＝採用決裁者の一次情報で差別化可能
保育士 面接 複数 同時進行,C11_採用側・選考突破【中核】,50,Know,B,Low,中,,推定/根拠:選考直前KW。SERPは人材紹介の自社メディアばかり＝採用決裁者の一次情報で差別化可能
保育士 内定 辞退 メール 例文,C11_採用側・選考突破【中核】,100,Do,C,Low,中,,推定/根拠:選考直前KW。SERPは人材紹介の自社メディアばかり＝採用決裁者の一次情報で差別化可能
保育士 転職 給与交渉 やり方,C11_採用側・選考突破【中核】,50,Do,A,Low,低,,推定/根拠:採用側の交渉余地（どこまで動かせるか）は決裁者情報。単価の高い層に刺さる【P2重点:30代・経験5年以上・失敗回避層】
保育士 転職サイト,C1_転職サイト・エージェント比較,"5,000",Buy,A,High,低,,推定/根拠:主要アフィリ比較記事が20〜73社比較で量産。新規は6ヶ月では取れない
保育士 転職サイト おすすめ,C1_転職サイト・エージェント比較,"5,000",Buy,A,High,低,,推定/根拠:SERP1〜10位が全て比較ランキング（マイベスト/転職アンテナ/転職.jp等）
保育士 転職サイト ランキング,C1_転職サイト・エージェント比較,"1,000",Buy,A,High,低,,推定/根拠:Buy系SERPが全枠アフィリ比較記事＝商用需要大。ボリュームはレンジ推定
保育士 転職サイト 比較,C1_転職サイト・エージェント比較,"1,000",Buy,A,High,低,,推定/根拠:Buy系SERPが全枠アフィリ比較記事＝商用需要大。ボリュームはレンジ推定
保育士 転職エージェント,C1_転職サイト・エージェント比較,"1,000",Buy,A,High,低,,推定/根拠:Buy系SERPが全枠アフィリ比較記事＝商用需要大。ボリュームはレンジ推定
保育士 転職エージェント おすすめ,C1_転職サイト・エージェント比較,"1,000",Buy,A,High,低,,推定/根拠:Buy系SERPが全枠アフィリ比較記事＝商用需要大。ボリュームはレンジ推定
保育士 求人サイト おすすめ,C1_転職サイト・エージェント比較,"1,000",Buy,A,High,低,,推定/根拠:Buy系SERPが全枠アフィリ比較記事＝商用需要大。ボリュームはレンジ推定
保育士 転職サイト 電話なし,C1_転職サイト・エージェント比較,100,Buy,A,Mid,低,,推定/根拠:『電話なしで使える』を見出しに持つ比較記事が複数＝実需あり。3語で競合薄め【P2重点:30代・経験5年以上・失敗回避層】
保育士 転職サイト しつこい,C1_転職サイト・エージェント比較,100,Know,B,Mid,低,,推定/根拠:『しつこい』口コミ解説記事が多数ヒット＝実検索あり
保育士 転職サイト 使わない,C1_転職サイト・エージェント比較,100,Know,B,Low,低,,推定/根拠:Buy系SERPが全枠アフィリ比較記事＝商用需要大。ボリュームはレンジ推定
保育士 転職サイト 登録だけ,C1_転職サイト・エージェント比較,100,Know,B,Low,低,,推定/根拠:Buy系SERPが全枠アフィリ比較記事＝商用需要大。ボリュームはレンジ推定
保育士 転職サイト 複数登録,C1_転職サイト・エージェント比較,100,Know,B,Low,低,,推定/根拠:Buy系SERPが全枠アフィリ比較記事＝商用需要大。ボリュームはレンジ推定
保育士 転職サイト 断り方,C1_転職サイト・エージェント比較,100,Do,B,Low,低,,推定/根拠:Buy系SERPが全枠アフィリ比較記事＝商用需要大。ボリュームはレンジ推定
保育士 転職サイト 退会方法,C1_転職サイト・エージェント比較,100,Do,C,Low,中,,推定/根拠:Buy系SERPが全枠アフィリ比較記事＝商用需要大。ボリュームはレンジ推定
保育士 転職サイト デメリット,C1_転職サイト・エージェント比較,100,Know,B,Mid,低,,【利益相反フラグ:紹介会社送客収益と主張が衝突しうる。中立記述＋収益導線の設計を別途協議】
保育士 転職サイト 使わないほうがいい,C1_転職サイト・エージェント比較,50,Know,B,Low,低,,【利益相反フラグ:紹介会社送客収益と主張が衝突しうる。中立記述＋収益導線の設計を別途協議】
保育士 人材紹介 手数料 仕組み,C1_転職サイト・エージェント比較,100,Know,B,Low,中,,推定/根拠:『なぜ無料で使えるのか』の納得材料。園長視点の解説と接続できる
保育士 転職サイト 20代,C1_転職サイト・エージェント比較,100,Buy,A,Mid,低,,推定/根拠:Buy系SERPが全枠アフィリ比較記事＝商用需要大。ボリュームはレンジ推定
保育士 転職サイト 30代,C1_転職サイト・エージェント比較,100,Buy,A,Mid,低,,【P2重点:30代・経験5年以上・失敗回避層】
保育士 転職サイト 40代,C1_転職サイト・エージェント比較,100,Buy,A,Mid,低,,推定/根拠:Buy系SERPが全枠アフィリ比較記事＝商用需要大。ボリュームはレンジ推定
保育士 転職サイト 50代,C1_転職サイト・エージェント比較,50,Buy,A,Low,低,,推定/根拠:Buy系SERPが全枠アフィリ比較記事＝商用需要大。ボリュームはレンジ推定
保育士 転職サイト 未経験,C1_転職サイト・エージェント比較,100,Buy,A,Mid,低,,推定/根拠:Buy系SERPが全枠アフィリ比較記事＝商用需要大。ボリュームはレンジ推定
保育士 転職サイト ブランク,C1_転職サイト・エージェント比較,50,Buy,A,Low,低,,推定/根拠:Buy系SERPが全枠アフィリ比較記事＝商用需要大。ボリュームはレンジ推定
保育士 転職サイト パート,C1_転職サイト・エージェント比較,100,Buy,A,Mid,低,,推定/根拠:Buy系SERPが全枠アフィリ比較記事＝商用需要大。ボリュームはレンジ推定
保育士 転職サイト 地方,C1_転職サイト・エージェント比較,50,Buy,A,Low,低,,推定/根拠:Buy系SERPが全枠アフィリ比較記事＝商用需要大。ボリュームはレンジ推定
保育士 転職サイト 正社員,C1_転職サイト・エージェント比較,100,Buy,A,Mid,低,,推定/根拠:Buy系SERPが全枠アフィリ比較記事＝商用需要大。ボリュームはレンジ推定
保育士 派遣会社 おすすめ,C1_転職サイト・エージェント比較,500,Buy,A,High,低,,推定/根拠:Buy系SERPが全枠アフィリ比較記事＝商用需要大。ボリュームはレンジ推定
保育士 派遣会社 比較,C1_転職サイト・エージェント比較,100,Buy,A,Mid,低,,推定/根拠:Buy系SERPが全枠アフィリ比較記事＝商用需要大。ボリュームはレンジ推定
保育士 単発バイト アプリ,C1_転職サイト・エージェント比較,500,Buy,A,Mid,低,,推定/根拠:単発系アプリ（ジョブスポ等）流入。アプリDL訴求と相性
保育士 求人アプリ おすすめ,C1_転職サイト・エージェント比較,100,Buy,A,Mid,低,,推定/根拠:Buy系SERPが全枠アフィリ比較記事＝商用需要大。ボリュームはレンジ推定
保育士 スカウトサービス,C1_転職サイト・エージェント比較,100,Buy,A,Low,低,,推定/根拠:Buy系SERPが全枠アフィリ比較記事＝商用需要大。ボリュームはレンジ推定
保育士 ハローワーク 転職サイト どっち,C1_転職サイト・エージェント比較,100,Know,B,Low,低,,【利益相反フラグ:紹介会社送客収益と主張が衝突しうる。中立記述＋収益導線の設計を別途協議】
保育士 転職フェア,C1_転職サイト・エージェント比較,500,Go,B,Mid,中,,推定/根拠:Buy系SERPが全枠アフィリ比較記事＝商用需要大。ボリュームはレンジ推定
保育士 就職フェア 東京,C1_転職サイト・エージェント比較,100,Go,B,Mid,中,,推定/根拠:Buy系SERPが全枠アフィリ比較記事＝商用需要大。ボリュームはレンジ推定
保育士 転職相談 無料,C1_転職サイト・エージェント比較,100,Buy,A,Mid,低,,推定/根拠:Buy系SERPが全枠アフィリ比較記事＝商用需要大。ボリュームはレンジ推定
保育士 紹介会社 やめとけ,C1_転職サイト・エージェント比較,50,Know,B,Low,低,,【利益相反フラグ:紹介会社送客収益と主張が衝突しうる。中立記述＋収益導線の設計を別途協議】
保育士 辞めたい,C2_退職・辞めたい・人間関係,"5,000",Know,B,High,低,,推定/根拠:主要メディアが総取り。ただし派生ロングテールの母数が最大の鉱脈
保育士 辞めたい 1年目,C2_退職・辞めたい・人間関係,500,Know,B,Mid,低,40,推定/根拠:年次別派生。新卒離職の検索が春〜夏に集中する季節KW
保育士 辞めたい 2年目,C2_退職・辞めたい・人間関係,100,Know,B,Low,低,,推定/根拠:悩み起点サジェスト頻出。離職理由1位が人間関係33.5-38%（各社調査引用）
保育士 辞めたい 3年目,C2_退職・辞めたい・人間関係,100,Know,B,Low,低,,推定/根拠:悩み起点サジェスト頻出。離職理由1位が人間関係33.5-38%（各社調査引用）
保育士 辞めたい 新卒,C2_退職・辞めたい・人間関係,500,Know,B,Mid,低,,推定/根拠:悩み起点サジェスト頻出。離職理由1位が人間関係33.5-38%（各社調査引用）
保育士 辞めたい 人間関係,C2_退職・辞めたい・人間関係,500,Know,B,Mid,低,41,推定/根拠:悩み起点サジェスト頻出。離職理由1位が人間関係33.5-38%（各社調査引用）
保育士 人間関係 悩み,C2_退職・辞めたい・人間関係,500,Know,B,Mid,低,,推定/根拠:離職理由1位（33.5〜38%）。体験談需要が強くAI耐性高
保育士 人間関係 最悪,C2_退職・辞めたい・人間関係,100,Know,C,Low,低,,推定/根拠:悩み起点サジェスト頻出。離職理由1位が人間関係33.5-38%（各社調査引用）
保育士 職場 いじめ,C2_退職・辞めたい・人間関係,100,Know,B,Low,低,,推定/根拠:悩み起点サジェスト頻出。離職理由1位が人間関係33.5-38%（各社調査引用）
保育士 先輩 きつい,C2_退職・辞めたい・人間関係,100,Know,C,Low,低,,推定/根拠:悩み起点サジェスト頻出。離職理由1位が人間関係33.5-38%（各社調査引用）
保育士 主任 パワハラ,C2_退職・辞めたい・人間関係,100,Know,B,Low,低,,推定/根拠:悩み起点サジェスト頻出。離職理由1位が人間関係33.5-38%（各社調査引用）
保育士 園長 パワハラ 相談,C2_退職・辞めたい・人間関係,100,Do,B,Low,低,,推定/根拠:園長が書く『園長のパワハラ対処』は強烈な当事者性。相談先の一次情報で勝負
保育士 もう限界,C2_退職・辞めたい・人間関係,100,Know,B,Low,低,,推定/根拠:悩み起点サジェスト頻出。離職理由1位が人間関係33.5-38%（各社調査引用）
保育士 仕事 つらい,C2_退職・辞めたい・人間関係,500,Know,B,Mid,低,,推定/根拠:悩み起点サジェスト頻出。離職理由1位が人間関係33.5-38%（各社調査引用）
保育士 向いてない,C2_退職・辞めたい・人間関係,"1,000",Know,B,Mid,低,42,推定/根拠:自己否定系は滞在が長くAIに食われにくい。『向いてないのではなく園が合っていない』で受ける
保育士 向いてない 辞めたい,C2_退職・辞めたい・人間関係,100,Know,B,Low,低,,推定/根拠:悩み起点サジェスト頻出。離職理由1位が人間関係33.5-38%（各社調査引用）
保育士 病んだ,C2_退職・辞めたい・人間関係,100,Know,C,Low,低,,推定/根拠:悩み起点サジェスト頻出。離職理由1位が人間関係33.5-38%（各社調査引用）
保育士 うつ 休職,C2_退職・辞めたい・人間関係,100,Know,C,Low,中,,推定/根拠:悩み起点サジェスト頻出。離職理由1位が人間関係33.5-38%（各社調査引用）
保育士 適応障害 退職,C2_退職・辞めたい・人間関係,100,Know,B,Low,中,,推定/根拠:悩み起点サジェスト頻出。離職理由1位が人間関係33.5-38%（各社調査引用）
保育士 退職 言い方,C2_退職・辞めたい・人間関係,500,Do,B,Mid,中,,推定/根拠:悩み起点サジェスト頻出。離職理由1位が人間関係33.5-38%（各社調査引用）
保育士 退職 切り出し方,C2_退職・辞めたい・人間関係,500,Do,B,Mid,中,43,推定/根拠:『園長にどう言うか』＝園長監修の当事者性が直撃する型
保育士 退職 引き止め 断り方,C2_退職・辞めたい・人間関係,100,Do,B,Low,低,44,推定/根拠:引き止める側の論理を園長が開示できる。競合の書けない角度
保育士 退職代行,C2_退職・辞めたい・人間関係,500,Do,A,Mid,低,,推定/根拠:退職代行ASP案件と接続可。専門メディア＋代行業者が競合
保育士 退職代行 使ってみた,C2_退職・辞めたい・人間関係,100,Know,A,Low,低,,推定/根拠:悩み起点サジェスト頻出。離職理由1位が人間関係33.5-38%（各社調査引用）
保育士 退職代行 その後 再就職,C2_退職・辞めたい・人間関係,50,Know,A,Low,低,45,推定/根拠:『代行を使うと次の選考に響くか』は採用側しか答えられない。園長監修の独壇場
保育士 バックレ,C2_退職・辞めたい・人間関係,100,Know,C,Low,低,,推定/根拠:悩み起点サジェスト頻出。離職理由1位が人間関係33.5-38%（各社調査引用）
保育士 即日退職,C2_退職・辞めたい・人間関係,100,Do,B,Low,中,,推定/根拠:悩み起点サジェスト頻出。離職理由1位が人間関係33.5-38%（各社調査引用）
保育士 年度途中 退職,C2_退職・辞めたい・人間関係,500,Know,B,Mid,中,,推定/根拠:民法627条の法的根拠解説が定番。事実部分はAIに食われやすい
保育士 年度途中 辞める 迷惑,C2_退職・辞めたい・人間関係,100,Know,B,Low,低,46,推定/根拠:『園はどう思うか』を園長が answering できる希少KW
保育士 退職 3月末,C2_退職・辞めたい・人間関係,100,Know,B,Low,中,,推定/根拠:悩み起点サジェスト頻出。離職理由1位が人間関係33.5-38%（各社調査引用）
保育士 退職 一身上の都合,C2_退職・辞めたい・人間関係,100,Do,C,Low,高,,推定/根拠:悩み起点サジェスト頻出。離職理由1位が人間関係33.5-38%（各社調査引用）
保育士 辞めて良かった,C2_退職・辞めたい・人間関係,500,Know,B,Mid,低,,推定/根拠:体験談型。AI Overviews耐性が最も高い層
保育士 辞めた後 何してる,C2_退職・辞めたい・人間関係,500,Know,B,Mid,低,,推定/根拠:悩み起点サジェスト頻出。離職理由1位が人間関係33.5-38%（各社調査引用）
保育士 辞めたい 親に言えない,C2_退職・辞めたい・人間関係,50,Know,C,Low,低,,推定/根拠:悩み起点サジェスト頻出。離職理由1位が人間関係33.5-38%（各社調査引用）
保育士 持ち帰り仕事 多すぎ,C2_退職・辞めたい・人間関係,100,Know,B,Low,低,,推定/根拠:悩み起点サジェスト頻出。離職理由1位が人間関係33.5-38%（各社調査引用）
保育士 サービス残業 違法,C2_退職・辞めたい・人間関係,100,Know,B,Low,中,,推定/根拠:悩み起点サジェスト頻出。離職理由1位が人間関係33.5-38%（各社調査引用）
保育士 休憩なし 違法,C2_退職・辞めたい・人間関係,100,Know,B,Low,中,,推定/根拠:悩み起点サジェスト頻出。離職理由1位が人間関係33.5-38%（各社調査引用）
保育士 配置基準 きつい,C2_退職・辞めたい・人間関係,100,Know,B,Low,中,,推定/根拠:悩み起点サジェスト頻出。離職理由1位が人間関係33.5-38%（各社調査引用）
保育士 早番 遅番 つらい,C2_退職・辞めたい・人間関係,100,Know,B,Low,低,,推定/根拠:悩み起点サジェスト頻出。離職理由1位が人間関係33.5-38%（各社調査引用）
保育士 行事 準備 大変,C2_退職・辞めたい・人間関係,100,Know,C,Low,低,,推定/根拠:悩み起点サジェスト頻出。離職理由1位が人間関係33.5-38%（各社調査引用）
保育士 保護者対応 疲れた,C2_退職・辞めたい・人間関係,100,Know,B,Low,低,,推定/根拠:悩み起点サジェスト頻出。離職理由1位が人間関係33.5-38%（各社調査引用）
保育士 モンスターペアレント 対応,C2_退職・辞めたい・人間関係,500,Know,C,Mid,中,,推定/根拠:悩み起点サジェスト頻出。離職理由1位が人間関係33.5-38%（各社調査引用）
保育園 辞める 手順,C2_退職・辞めたい・人間関係,100,Do,B,Low,中,,推定/根拠:悩み起点サジェスト頻出。離職理由1位が人間関係33.5-38%（各社調査引用）
保育士 退職届 書き方,C2_退職・辞めたい・人間関係,500,Do,C,Mid,高,,推定/根拠:悩み起点サジェスト頻出。離職理由1位が人間関係33.5-38%（各社調査引用）
保育士 給料,C3_給料・年収・処遇改善,"10,000",Know,C,High,高,,推定/根拠:数値回答型でAI Overviews直撃。大手が独占。新規は非推奨
保育士 給料 安い 理由,C3_給料・年収・処遇改善,"1,000",Know,B,High,高,,推定/根拠:条件系の定番KW。大手専門メディアが上位独占
保育士 手取り,C3_給料・年収・処遇改善,"5,000",Know,C,High,高,,推定/根拠:20代16.6万/30代17万/40代19.5万等の数値が各社に流通＝AIが要約しやすい
保育士 年収,C3_給料・年収・処遇改善,"5,000",Know,C,High,高,,推定/根拠:条件系の定番KW。大手専門メディアが上位独占
保育士 平均年収 2026,C3_給料・年収・処遇改善,"1,000",Know,C,High,高,,推定/根拠:平均年収約427万円（各社2026年集計）。数値のみは食われる
保育士 初任給,C3_給料・年収・処遇改善,"1,000",Know,C,Mid,高,,推定/根拠:条件系の定番KW。大手専門メディアが上位独占
保育士 ボーナス 何ヶ月,C3_給料・年収・処遇改善,500,Know,C,Mid,高,,推定/根拠:条件系の定番KW。大手専門メディアが上位独占
保育士 給料 20代,C3_給料・年収・処遇改善,500,Know,C,Mid,高,,推定/根拠:条件系の定番KW。大手専門メディアが上位独占
保育士 給料 30代,C3_給料・年収・処遇改善,500,Know,C,Mid,高,,【P2重点:30代・経験5年以上・失敗回避層】
保育士 給料 40代,C3_給料・年収・処遇改善,100,Know,C,Mid,高,,推定/根拠:条件系の定番KW。大手専門メディアが上位独占
保育士 給料 高い 園 特徴,C3_給料・年収・処遇改善,100,Know,A,Low,低,35,推定/根拠:『どの園が高いか』は意思決定型。園の原資構造を園長が説明できる【P2重点:30代・経験5年以上・失敗回避層】
保育士 年収 上げる方法,C3_給料・年収・処遇改善,500,Know,A,Mid,低,,【P2重点:30代・経験5年以上・失敗回避層】
保育士 年収400万 可能,C3_給料・年収・処遇改善,100,Know,A,Low,低,,【P2重点:30代・経験5年以上・失敗回避層】
保育士 処遇改善手当,C3_給料・年収・処遇改善,"1,000",Know,B,Mid,高,,推定/根拠:副主任4万円/職務分野別リーダー5千円の制度数値。事実部分はAI要約されやすい
保育士 処遇改善手当 いくら,C3_給料・年収・処遇改善,500,Know,B,Mid,高,,推定/根拠:条件系の定番KW。大手専門メディアが上位独占
処遇改善等加算3 わかりやすく,C3_給料・年収・処遇改善,500,Know,C,Mid,高,,推定/根拠:条件系の定番KW。大手専門メディアが上位独占
保育士 処遇改善手当 もらえない,C3_給料・年収・処遇改善,100,Know,A,Low,低,36,推定/根拠:加算は園に入るが配分は園裁量。園長が配分実務を開示できる＝完全な独自性【P2重点:30代・経験5年以上・失敗回避層】
保育士 処遇改善 配分 園によって違う,C3_給料・年収・処遇改善,50,Know,A,Low,低,37,推定/根拠:配分ルールの園差は求職者が最も知りたいのに誰も書いていない【P2重点:30代・経験5年以上・失敗回避層】
保育士 賃上げ 2026,C3_給料・年収・処遇改善,500,Know,C,Mid,高,,推定/根拠:2026年度5.3%賃上げ/2024年度10.7%引き上げが各社で言及
保育士 給料 上がる いつ,C3_給料・年収・処遇改善,100,Know,C,Low,高,,推定/根拠:条件系の定番KW。大手専門メディアが上位独占
保育士 家賃補助,C3_給料・年収・処遇改善,500,Know,A,Mid,中,,推定/根拠:条件系の定番KW。大手専門メディアが上位独占
保育士 借り上げ社宅 制度,C3_給料・年収・処遇改善,500,Know,A,Mid,中,38,推定/根拠:求人選定の決め手になりCVに近い。自治体別の条件差が大きい【P2重点:30代・経験5年以上・失敗回避層】
保育士 宿舎借り上げ支援事業 2026,C3_給料・年収・処遇改善,500,Know,A,Mid,中,,推定/根拠:条件系の定番KW。大手専門メディアが上位独占
保育士 借り上げ社宅 なくなる,C3_給料・年収・処遇改善,100,Know,A,Low,低,,【P2重点:30代・経験5年以上・失敗回避層】
保育士 退職金 相場,C3_給料・年収・処遇改善,500,Know,C,Mid,高,,推定/根拠:条件系の定番KW。大手専門メディアが上位独占
保育士 福利厚生 比較,C3_給料・年収・処遇改善,100,Know,A,Low,低,,【P2重点:30代・経験5年以上・失敗回避層】
保育士 昇給 平均,C3_給料・年収・処遇改善,100,Know,C,Low,高,,推定/根拠:条件系の定番KW。大手専門メディアが上位独占
公立保育士 給料,C3_給料・年収・処遇改善,500,Know,B,Mid,高,,推定/根拠:条件系の定番KW。大手専門メディアが上位独占
保育士 公立 私立 給料 違い,C3_給料・年収・処遇改善,500,Know,B,Mid,中,,推定/根拠:条件系の定番KW。大手専門メディアが上位独占
保育士 派遣 時給 相場,C3_給料・年収・処遇改善,500,Know,A,Mid,中,,"推定/根拠:東京都の単発平均時給1,413円等の実データが流通"
保育士 パート 時給 相場,C3_給料・年収・処遇改善,500,Know,A,Mid,中,,推定/根拠:条件系の定番KW。大手専門メディアが上位独占
保育士 夜勤 手当 相場,C3_給料・年収・処遇改善,100,Know,A,Low,中,,推定/根拠:条件系の定番KW。大手専門メディアが上位独占
保育士 転職 年収ダウン 防ぐ,C3_給料・年収・処遇改善,50,Know,A,Low,低,,【P2重点:30代・経験5年以上・失敗回避層】
保育士 派遣,C4_働き方・雇用形態・施設タイプ,"5,000",Buy,A,High,低,,推定/根拠:雇用形態・施設タイプ軸。求人DBページと記事が混在するSERP
保育士 派遣 デメリット,C4_働き方・雇用形態・施設タイプ,500,Know,A,Mid,低,30,推定/根拠:意思決定直前KW。派遣会社CVに直結しAI耐性も高い【P2重点:30代・経験5年以上・失敗回避層】
保育士 派遣 メリット,C4_働き方・雇用形態・施設タイプ,500,Know,A,Mid,低,,推定/根拠:雇用形態・施設タイプ軸。求人DBページと記事が混在するSERP
保育士 派遣 現実,C4_働き方・雇用形態・施設タイプ,100,Know,A,Low,低,,【P2重点:30代・経験5年以上・失敗回避層】
保育士 派遣 3年ルール,C4_働き方・雇用形態・施設タイプ,100,Know,B,Low,中,,推定/根拠:雇用形態・施設タイプ軸。求人DBページと記事が混在するSERP
保育士 パート 扶養内,C4_働き方・雇用形態・施設タイプ,500,Know,A,Mid,中,,推定/根拠:雇用形態・施設タイプ軸。求人DBページと記事が混在するSERP
保育士 パート 志望動機,C4_働き方・雇用形態・施設タイプ,500,Do,B,Mid,低,,推定/根拠:雇用形態・施設タイプ軸。求人DBページと記事が混在するSERP
保育士 単発バイト,C4_働き方・雇用形態・施設タイプ,"1,000",Buy,A,Mid,低,,推定/根拠:バイトル/Indeedが上位。記事は『実態・時給・注意点』で隙間狙い
保育士 スポット求人 とは,C4_働き方・雇用形態・施設タイプ,100,Know,A,Low,中,,推定/根拠:雇用形態・施設タイプ軸。求人DBページと記事が混在するSERP
保育士 日払い 求人,C4_働き方・雇用形態・施設タイプ,500,Buy,A,Mid,低,,推定/根拠:雇用形態・施設タイプ軸。求人DBページと記事が混在するSERP
保育士 副業 おすすめ,C4_働き方・雇用形態・施設タイプ,500,Know,B,Mid,低,,推定/根拠:雇用形態・施設タイプ軸。求人DBページと記事が混在するSERP
保育士 在宅ワーク,C4_働き方・雇用形態・施設タイプ,100,Know,C,Low,低,,推定/根拠:雇用形態・施設タイプ軸。求人DBページと記事が混在するSERP
保育士 フリーランス,C4_働き方・雇用形態・施設タイプ,100,Know,B,Low,低,,推定/根拠:雇用形態・施設タイプ軸。求人DBページと記事が混在するSERP
保育士 夜勤 ある園,C4_働き方・雇用形態・施設タイプ,100,Know,A,Low,中,,推定/根拠:雇用形態・施設タイプ軸。求人DBページと記事が混在するSERP
夜間保育園 保育士 求人,C4_働き方・雇用形態・施設タイプ,100,Buy,A,Low,低,,推定/根拠:雇用形態・施設タイプ軸。求人DBページと記事が混在するSERP
企業内保育 保育士,C4_働き方・雇用形態・施設タイプ,500,Know,A,Mid,低,28,推定/根拠:大手が仕事内容・給料・メリデメを網羅済みだが体験談の層が薄い【P2重点:30代・経験5年以上・失敗回避層】
企業内保育 給料,C4_働き方・雇用形態・施設タイプ,500,Know,A,Mid,中,25,推定/根拠:『認可より高い場合もある』との記述が複数。実額比較は空白【P2重点:30代・経験5年以上・失敗回避層】
企業内保育所 デメリット,C4_働き方・雇用形態・施設タイプ,500,Know,A,Mid,低,24,推定/根拠:休みにくい/キャリアが積めない等の実務論点。比較検討層に直撃【P2重点:30代・経験5年以上・失敗回避層】
企業主導型保育園 とは,C4_働き方・雇用形態・施設タイプ,500,Know,C,Mid,高,,推定/根拠:雇用形態・施設タイプ軸。求人DBページと記事が混在するSERP
企業主導型保育園 働く 評判,C4_働き方・雇用形態・施設タイプ,100,Know,A,Low,低,,【P2重点:30代・経験5年以上・失敗回避層】
院内保育 保育士,C4_働き方・雇用形態・施設タイプ,500,Know,A,Mid,低,27,【P2重点:30代・経験5年以上・失敗回避層】
院内保育 きつい,C4_働き方・雇用形態・施設タイプ,100,Know,A,Low,低,26,推定/根拠:夜勤・少人数体制の実態。体験談型でAI耐性が高い【P2重点:30代・経験5年以上・失敗回避層】
院内保育 給料,C4_働き方・雇用形態・施設タイプ,100,Know,A,Low,中,,【P2重点:30代・経験5年以上・失敗回避層】
病児保育 保育士 求人,C4_働き方・雇用形態・施設タイプ,100,Buy,A,Low,低,,推定/根拠:雇用形態・施設タイプ軸。求人DBページと記事が混在するSERP
小規模保育園 メリット デメリット,C4_働き方・雇用形態・施設タイプ,500,Know,A,Mid,低,23,推定/根拠:0-2歳特化・行事が少ない＝負担軽減志向の受け皿。P2の最頻出比較軸【P2重点:30代・経験5年以上・失敗回避層】
小規模保育園 保育士 メリット,C4_働き方・雇用形態・施設タイプ,500,Know,A,Mid,低,,【P2重点:30代・経験5年以上・失敗回避層】
小規模保育園 デメリット,C4_働き方・雇用形態・施設タイプ,500,Know,A,Mid,低,,【P2重点:30代・経験5年以上・失敗回避層】
認可外保育園 保育士 働く,C4_働き方・雇用形態・施設タイプ,500,Know,A,Mid,低,,推定/根拠:雇用形態・施設タイプ軸。求人DBページと記事が混在するSERP
認可保育園 認可外 違い 働く側,C4_働き方・雇用形態・施設タイプ,100,Know,B,Low,中,,推定/根拠:雇用形態・施設タイプ軸。求人DBページと記事が混在するSERP
認証保育所 とは 東京,C4_働き方・雇用形態・施設タイプ,100,Know,C,Low,高,,推定/根拠:雇用形態・施設タイプ軸。求人DBページと記事が混在するSERP
認定こども園 保育士 大変,C4_働き方・雇用形態・施設タイプ,500,Know,A,Mid,低,29,【P2重点:30代・経験5年以上・失敗回避層】
公立保育園 保育士 なるには,C4_働き方・雇用形態・施設タイプ,500,Know,B,Mid,中,,推定/根拠:雇用形態・施設タイプ軸。求人DBページと記事が混在するSERP
公務員保育士 試験 難易度,C4_働き方・雇用形態・施設タイプ,500,Know,C,Mid,中,,推定/根拠:雇用形態・施設タイプ軸。求人DBページと記事が混在するSERP
公務員保育士 年齢制限,C4_働き方・雇用形態・施設タイプ,500,Know,C,Mid,高,,推定/根拠:雇用形態・施設タイプ軸。求人DBページと記事が混在するSERP
学童保育 指導員 保育士,C4_働き方・雇用形態・施設タイプ,500,Know,A,Mid,低,,推定/根拠:雇用形態・施設タイプ軸。求人DBページと記事が混在するSERP
児童発達支援 保育士 求人,C4_働き方・雇用形態・施設タイプ,500,Buy,A,Mid,低,,推定/根拠:児発・放デイは求人拡大領域。保育士資格の受け皿として伸長【P2重点:30代・経験5年以上・失敗回避層】
放課後等デイサービス 保育士,C4_働き方・雇用形態・施設タイプ,500,Know,A,Mid,低,,【P2重点:30代・経験5年以上・失敗回避層】
児童養護施設 保育士,C4_働き方・雇用形態・施設タイプ,500,Know,B,Mid,低,,推定/根拠:雇用形態・施設タイプ軸。求人DBページと記事が混在するSERP
乳児院 保育士 仕事内容,C4_働き方・雇用形態・施設タイプ,100,Know,B,Low,中,,推定/根拠:雇用形態・施設タイプ軸。求人DBページと記事が混在するSERP
障害児保育 保育士 求人,C4_働き方・雇用形態・施設タイプ,100,Buy,A,Low,低,,推定/根拠:雇用形態・施設タイプ軸。求人DBページと記事が混在するSERP
インターナショナルスクール 保育士 求人,C4_働き方・雇用形態・施設タイプ,100,Buy,A,Low,低,,推定/根拠:雇用形態・施設タイプ軸。求人DBページと記事が混在するSERP
英語 使える 保育士 求人,C4_働き方・雇用形態・施設タイプ,100,Buy,A,Low,低,,推定/根拠:雇用形態・施設タイプ軸。求人DBページと記事が混在するSERP
保育補助 仕事内容,C4_働き方・雇用形態・施設タイプ,"1,000",Know,B,Mid,高,,推定/根拠:雇用形態・施設タイプ軸。求人DBページと記事が混在するSERP
保育補助 無資格 きつい,C4_働き方・雇用形態・施設タイプ,100,Know,B,Low,低,,推定/根拠:雇用形態・施設タイプ軸。求人DBページと記事が混在するSERP
ベビーシッター 保育士 資格,C4_働き方・雇用形態・施設タイプ,500,Know,A,Mid,中,,推定/根拠:雇用形態・施設タイプ軸。求人DBページと記事が混在するSERP
ベビーシッター 個人 稼げる,C4_働き方・雇用形態・施設タイプ,100,Know,B,Low,低,,推定/根拠:雇用形態・施設タイプ軸。求人DBページと記事が混在するSERP
家庭的保育 保育ママ なるには,C4_働き方・雇用形態・施設タイプ,100,Know,C,Low,中,,推定/根拠:雇用形態・施設タイプ軸。求人DBページと記事が混在するSERP
託児所 保育士 求人,C4_働き方・雇用形態・施設タイプ,100,Buy,A,Low,低,,推定/根拠:雇用形態・施設タイプ軸。求人DBページと記事が混在するSERP
保育士 リゾートバイト,C4_働き方・雇用形態・施設タイプ,100,Buy,A,Low,低,,推定/根拠:雇用形態・施設タイプ軸。求人DBページと記事が混在するSERP
保育士 住み込み 求人,C4_働き方・雇用形態・施設タイプ,50,Buy,A,Low,低,,推定/根拠:雇用形態・施設タイプ軸。求人DBページと記事が混在するSERP
保育士 週3 求人,C4_働き方・雇用形態・施設タイプ,100,Buy,A,Low,低,,推定/根拠:雇用形態・施設タイプ軸。求人DBページと記事が混在するSERP
保育士 土日休み 求人,C4_働き方・雇用形態・施設タイプ,500,Buy,A,Mid,低,32,推定/根拠:条件×求人。土日休み志向は強い転職動機でCVに直結【P2重点:30代・経験5年以上・失敗回避層】
保育士 残業なし 求人,C4_働き方・雇用形態・施設タイプ,500,Buy,A,Mid,低,31,【P2重点:30代・経験5年以上・失敗回避層】
保育士 持ち帰りなし 園 探し方,C4_働き方・雇用形態・施設タイプ,100,Do,A,Low,低,33,推定/根拠:『探し方』＝手順型でAI耐性高。園長が実態から判別基準を出せる【P2重点:30代・経験5年以上・失敗回避層】
保育士 行事 少ない 園,C4_働き方・雇用形態・施設タイプ,100,Know,A,Low,低,,【P2重点:30代・経験5年以上・失敗回避層】
保育士 ゆるい 園 特徴,C4_働き方・雇用形態・施設タイプ,100,Know,A,Low,低,,推定/根拠:雇用形態・施設タイプ軸。求人DBページと記事が混在するSERP
保育士 人間関係 良い 園 見分け方,C4_働き方・雇用形態・施設タイプ,100,Know,A,Low,低,34,推定/根拠:採用側が知る『人間関係が壊れる園の構造』で独自性【P2重点:30代・経験5年以上・失敗回避層】
フリー保育士 とは,C4_働き方・雇用形態・施設タイプ,100,Know,C,Low,高,,推定/根拠:雇用形態・施設タイプ軸。求人DBページと記事が混在するSERP
保育士 0歳児クラス 大変,C4_働き方・雇用形態・施設タイプ,100,Know,C,Low,低,,推定/根拠:雇用形態・施設タイプ軸。求人DBページと記事が混在するSERP
保育士 転職,C5_転職ノウハウ（計画・手続き）,"10,000",Know,B,High,低,,推定/根拠:ビッグKW。6ヶ月では非現実的だがピラーページのハブとして設置
保育士 転職 流れ,C5_転職ノウハウ（計画・手続き）,500,Know,B,Mid,中,,推定/根拠:ノウハウ系。SERPは専門メディア＋養成校
保育士 転職 進め方,C5_転職ノウハウ（計画・手続き）,500,Know,B,Mid,中,,推定/根拠:ノウハウ系。SERPは専門メディア＋養成校
保育士 転職 タイミング,C5_転職ノウハウ（計画・手続き）,"1,000",Know,B,Mid,低,16,推定/根拠:『何月がベストか』は意思決定型。採用側の採用計画カレンダーで上書きできる【P2重点:30代・経験5年以上・失敗回避層】
保育士 転職 時期 おすすめ,C5_転職ノウハウ（計画・手続き）,500,Know,B,Mid,中,,【P2重点:30代・経験5年以上・失敗回避層】
保育士 転職 年度途中,C5_転職ノウハウ（計画・手続き）,500,Know,B,Mid,中,,推定/根拠:ノウハウ系。SERPは専門メディア＋養成校
保育士 転職 何月から動く,C5_転職ノウハウ（計画・手続き）,100,Know,B,Low,低,22,推定/根拠:園の採用は秋と年度末に山。決裁者しか書けない時期論【P2重点:30代・経験5年以上・失敗回避層】
保育士 転職 スケジュール,C5_転職ノウハウ（計画・手続き）,100,Know,B,Low,中,,推定/根拠:ノウハウ系。SERPは専門メディア＋養成校
保育士 転職 働きながら,C5_転職ノウハウ（計画・手続き）,500,Know,B,Mid,低,,【P2重点:30代・経験5年以上・失敗回避層】
保育士 転職 失敗,C5_転職ノウハウ（計画・手続き）,500,Know,B,Mid,低,14,推定/根拠:失敗回避が最大の検索動機。体験談型でAI耐性高【P2重点:30代・経験5年以上・失敗回避層】
保育士 転職 後悔,C5_転職ノウハウ（計画・手続き）,500,Know,B,Mid,低,15,【P2重点:30代・経験5年以上・失敗回避層】
保育士 転職 回数 多い 不利,C5_転職ノウハウ（計画・手続き）,100,Know,A,Low,低,17,推定/根拠:採用側の許容ラインを開示できる。園長監修の独自性が直撃【P2重点:30代・経験5年以上・失敗回避層】
保育士 短期離職 次の転職,C5_転職ノウハウ（計画・手続き）,100,Know,A,Low,低,,【P2重点:30代・経験5年以上・失敗回避層】
保育士 転職 リスク,C5_転職ノウハウ（計画・手続き）,100,Know,B,Low,低,,【P2重点:30代・経験5年以上・失敗回避層】
保育士 転職 条件 優先順位,C5_転職ノウハウ（計画・手続き）,50,Know,A,Low,低,19,推定/根拠:条件の取捨選択フレーム。P2の意思決定を直接支援する【P2重点:30代・経験5年以上・失敗回避層】
保育士 転職 決め手,C5_転職ノウハウ（計画・手続き）,100,Know,A,Low,低,,【P2重点:30代・経験5年以上・失敗回避層】
保育士 転職 見極め ポイント,C5_転職ノウハウ（計画・手続き）,50,Know,A,Low,低,,【P2重点:30代・経験5年以上・失敗回避層】
保育士 30代 転職,C5_転職ノウハウ（計画・手続き）,500,Know,B,Mid,低,21,【P2重点:30代・経験5年以上・失敗回避層】
保育士 経験5年 転職,C5_転職ノウハウ（計画・手続き）,50,Know,A,Low,低,20,推定/根拠:P2ど真ん中。経験年数の市場価値を採用側が評価する形で書ける【P2重点:30代・経験5年以上・失敗回避層】
保育士 転職 2回目,C5_転職ノウハウ（計画・手続き）,50,Know,B,Low,低,,【P2重点:30代・経験5年以上・失敗回避層】
保育士 転職 ピアノ 弾けない,C5_転職ノウハウ（計画・手続き）,100,Know,A,Low,低,,推定/根拠:ノウハウ系。SERPは専門メディア＋養成校
保育士 転職 必要書類,C5_転職ノウハウ（計画・手続き）,100,Know,C,Low,高,,推定/根拠:ノウハウ系。SERPは専門メディア＋養成校
保育士 転職 有給消化,C5_転職ノウハウ（計画・手続き）,100,Know,B,Low,中,,推定/根拠:ノウハウ系。SERPは専門メディア＋養成校
保育士 転職 失業保険,C5_転職ノウハウ（計画・手続き）,500,Know,C,Mid,高,,推定/根拠:ノウハウ系。SERPは専門メディア＋養成校
保育士 転職 源泉徴収票,C5_転職ノウハウ（計画・手続き）,50,Know,C,Low,高,,推定/根拠:ノウハウ系。SERPは専門メディア＋養成校
保育士 転職 保育士証 提出,C5_転職ノウハウ（計画・手続き）,50,Do,C,Low,高,,推定/根拠:ノウハウ系。SERPは専門メディア＋養成校
保育士資格 取り方,C6_資格・キャリアアップ,"5,000",Know,C,High,高,,推定/根拠:資格スクール（ユーキャン等）が独占。転職意図とズレるため優先度低
保育士試験 難易度,C6_資格・キャリアアップ,"5,000",Know,C,High,高,,推定/根拠:資格系は受験者流入も混在。転職意図との分離が必要
保育士 資格 独学,C6_資格・キャリアアップ,"1,000",Know,C,High,高,,推定/根拠:資格系は受験者流入も混在。転職意図との分離が必要
保育士 登録 手続き,C6_資格・キャリアアップ,"1,000",Do,C,Mid,高,,推定/根拠:資格系は受験者流入も混在。転職意図との分離が必要
保育士証 再発行,C6_資格・キャリアアップ,500,Do,C,Mid,高,,推定/根拠:資格系は受験者流入も混在。転職意図との分離が必要
幼稚園教諭 保育士 違い,C6_資格・キャリアアップ,"5,000",Know,C,High,高,,推定/根拠:定義比較型＝AI Overviews直撃。定義・指標系はCTR31〜35%帯に低迷
保育教諭 とは,C6_資格・キャリアアップ,"1,000",Know,C,Mid,高,,推定/根拠:資格系は受験者流入も混在。転職意図との分離が必要
幼保特例制度 2026,C6_資格・キャリアアップ,500,Know,C,Mid,高,,推定/根拠:資格系は受験者流入も混在。転職意図との分離が必要
幼稚園教諭 から 保育士 転職,C6_資格・キャリアアップ,500,Know,A,Mid,低,,推定/根拠:資格保有者の横移動。CV意図が明確で競合は薄い
保育士 から 幼稚園教諭 転職,C6_資格・キャリアアップ,100,Know,A,Low,低,,推定/根拠:資格系は受験者流入も混在。転職意図との分離が必要
保育士 キャリアアップ研修,C6_資格・キャリアアップ,"5,000",Know,C,High,高,,推定/根拠:制度解説型。自治体公式（東京都等）が上位でAIにも要約されやすい
キャリアアップ研修 受けないとどうなる,C6_資格・キャリアアップ,500,Know,B,Mid,中,,推定/根拠:資格系は受験者流入も混在。転職意図との分離が必要
キャリアアップ研修 転職したら 引き継げる,C6_資格・キャリアアップ,100,Know,A,Low,低,,推定/根拠:修了の持ち運び可否は実務論点。園長が加算実務から断定できる【P2重点:30代・経験5年以上・失敗回避層】
副主任保育士 とは,C6_資格・キャリアアップ,500,Know,C,Mid,高,,推定/根拠:資格系は受験者流入も混在。転職意図との分離が必要
専門リーダー 保育士 要件,C6_資格・キャリアアップ,500,Know,C,Mid,高,,推定/根拠:資格系は受験者流入も混在。転職意図との分離が必要
職務分野別リーダー とは,C6_資格・キャリアアップ,500,Know,C,Mid,高,,推定/根拠:資格系は受験者流入も混在。転職意図との分離が必要
主任保育士 なるには,C6_資格・キャリアアップ,500,Know,B,Mid,中,,【P2重点:30代・経験5年以上・失敗回避層】
主任保育士 給料,C6_資格・キャリアアップ,500,Know,B,Mid,高,,推定/根拠:資格系は受験者流入も混在。転職意図との分離が必要
保育園 園長 なるには,C6_資格・キャリアアップ,500,Know,B,Mid,中,,推定/根拠:園長本人が書ける最大の当事者性KW。指名検索・信頼獲得の柱
保育士 キャリアパス 例,C6_資格・キャリアアップ,100,Know,B,Low,中,,【P2重点:30代・経験5年以上・失敗回避層】
保育士 資格 活かせる仕事,C6_資格・キャリアアップ,"5,000",Know,B,High,中,,推定/根拠:『21〜25選』型の網羅記事が大手に多数。単純網羅では勝てない
保育士 取っておくと良い資格,C6_資格・キャリアアップ,500,Know,B,Mid,中,,推定/根拠:資格系は受験者流入も混在。転職意図との分離が必要
絵本専門士 とは,C6_資格・キャリアアップ,500,Know,C,Mid,高,,推定/根拠:資格系は受験者流入も混在。転職意図との分離が必要
病児保育専門士,C6_資格・キャリアアップ,100,Know,C,Low,高,,推定/根拠:資格系は受験者流入も混在。転職意図との分離が必要
チャイルドマインダー 意味ない,C6_資格・キャリアアップ,100,Know,B,Low,低,,推定/根拠:資格系は受験者流入も混在。転職意図との分離が必要
モンテッソーリ 資格 保育士,C6_資格・キャリアアップ,500,Know,B,Mid,中,,推定/根拠:資格系は受験者流入も混在。転職意図との分離が必要
保育士 英語 資格 転職,C6_資格・キャリアアップ,100,Know,A,Low,低,,推定/根拠:資格系は受験者流入も混在。転職意図との分離が必要
保育士 独立 開業,C6_資格・キャリアアップ,500,Know,B,Mid,中,,推定/根拠:資格系は受験者流入も混在。転職意図との分離が必要
保育士 スキルアップ 方法,C6_資格・キャリアアップ,100,Know,C,Low,中,,推定/根拠:資格系は受験者流入も混在。転職意図との分離が必要
子育て支援員 保育士 違い,C6_資格・キャリアアップ,500,Know,C,Mid,高,,推定/根拠:資格系は受験者流入も混在。転職意図との分離が必要
保育士 求人 東京,C7_地域KW,"10,000",Buy,A,High,低,,推定/根拠:Indeed・大手求人DBが上位独占。記事型では上位困難
保育士 転職 東京,C7_地域KW,"1,000",Buy,A,High,低,,推定/根拠:求人DB（Indeed/大手）が上位独占。記事単体では勝ちにくい
保育士 求人 大阪,C7_地域KW,"5,000",Buy,A,High,低,,推定/根拠:求人DB（Indeed/大手）が上位独占。記事単体では勝ちにくい
保育士 求人 名古屋,C7_地域KW,"1,000",Buy,A,High,低,,推定/根拠:求人DB（Indeed/大手）が上位独占。記事単体では勝ちにくい
保育士 求人 横浜,C7_地域KW,"1,000",Buy,A,High,低,,推定/根拠:求人DB（Indeed/大手）が上位独占。記事単体では勝ちにくい
保育士 求人 埼玉,C7_地域KW,"1,000",Buy,A,High,低,,推定/根拠:求人DB（Indeed/大手）が上位独占。記事単体では勝ちにくい
保育士 求人 千葉,C7_地域KW,"1,000",Buy,A,High,低,,推定/根拠:求人DB（Indeed/大手）が上位独占。記事単体では勝ちにくい
保育士 求人 福岡,C7_地域KW,"1,000",Buy,A,High,低,,推定/根拠:求人DB（Indeed/大手）が上位独占。記事単体では勝ちにくい
保育士 求人 札幌,C7_地域KW,"1,000",Buy,A,High,低,,推定/根拠:求人DB（Indeed/大手）が上位独占。記事単体では勝ちにくい
保育士 求人 神戸,C7_地域KW,500,Buy,A,Mid,低,,推定/根拠:求人DB（Indeed/大手）が上位独占。記事単体では勝ちにくい
保育士 求人 京都,C7_地域KW,500,Buy,A,Mid,低,,推定/根拠:求人DB（Indeed/大手）が上位独占。記事単体では勝ちにくい
保育士 求人 広島,C7_地域KW,500,Buy,A,Mid,低,,推定/根拠:求人DB（Indeed/大手）が上位独占。記事単体では勝ちにくい
保育士 求人 仙台,C7_地域KW,500,Buy,A,Mid,低,,推定/根拠:求人DB（Indeed/大手）が上位独占。記事単体では勝ちにくい
保育士 求人 静岡,C7_地域KW,500,Buy,A,Mid,低,,推定/根拠:求人DB（Indeed/大手）が上位独占。記事単体では勝ちにくい
保育士 求人 新潟,C7_地域KW,100,Buy,A,Mid,低,,推定/根拠:求人DB（Indeed/大手）が上位独占。記事単体では勝ちにくい
保育士 求人 岡山,C7_地域KW,100,Buy,A,Mid,低,,推定/根拠:求人DB（Indeed/大手）が上位独占。記事単体では勝ちにくい
保育士 求人 熊本,C7_地域KW,100,Buy,A,Mid,低,,推定/根拠:求人DB（Indeed/大手）が上位独占。記事単体では勝ちにくい
保育士 求人 沖縄,C7_地域KW,500,Buy,A,Mid,低,,推定/根拠:求人DB（Indeed/大手）が上位独占。記事単体では勝ちにくい
保育士 求人 世田谷区,C7_地域KW,100,Buy,A,Mid,低,,推定/根拠:市区町村×求人はDBが強いが『区ごとの補助制度・配置事情』記事なら勝機
保育士 求人 江戸川区,C7_地域KW,100,Buy,A,Mid,低,,推定/根拠:求人DB（Indeed/大手）が上位独占。記事単体では勝ちにくい
保育士 求人 練馬区,C7_地域KW,100,Buy,A,Mid,低,,推定/根拠:求人DB（Indeed/大手）が上位独占。記事単体では勝ちにくい
保育士 求人 足立区,C7_地域KW,100,Buy,A,Mid,低,,推定/根拠:求人DB（Indeed/大手）が上位独占。記事単体では勝ちにくい
保育士 求人 杉並区,C7_地域KW,100,Buy,A,Mid,低,,推定/根拠:求人DB（Indeed/大手）が上位独占。記事単体では勝ちにくい
保育士 求人 港区,C7_地域KW,100,Buy,A,Mid,低,,推定/根拠:求人DB（Indeed/大手）が上位独占。記事単体では勝ちにくい
保育士 求人 川崎市,C7_地域KW,500,Buy,A,Mid,低,,推定/根拠:求人DB（Indeed/大手）が上位独占。記事単体では勝ちにくい
保育士 求人 さいたま市,C7_地域KW,500,Buy,A,Mid,低,,推定/根拠:求人DB（Indeed/大手）が上位独占。記事単体では勝ちにくい
保育士 求人 船橋市,C7_地域KW,100,Buy,A,Mid,低,,推定/根拠:求人DB（Indeed/大手）が上位独占。記事単体では勝ちにくい
保育士 求人 八王子市,C7_地域KW,100,Buy,A,Mid,低,,推定/根拠:求人DB（Indeed/大手）が上位独占。記事単体では勝ちにくい
保育士 求人 大阪市,C7_地域KW,"1,000",Buy,A,High,低,,推定/根拠:求人DB（Indeed/大手）が上位独占。記事単体では勝ちにくい
保育士 求人 堺市,C7_地域KW,100,Buy,A,Mid,低,,推定/根拠:求人DB（Indeed/大手）が上位独占。記事単体では勝ちにくい
保育士 求人 名古屋市,C7_地域KW,500,Buy,A,High,低,,推定/根拠:求人DB（Indeed/大手）が上位独占。記事単体では勝ちにくい
保育士 求人 福岡市,C7_地域KW,500,Buy,A,High,低,,推定/根拠:求人DB（Indeed/大手）が上位独占。記事単体では勝ちにくい
保育士 求人 北九州市,C7_地域KW,100,Buy,A,Mid,低,,推定/根拠:求人DB（Indeed/大手）が上位独占。記事単体では勝ちにくい
保育士 求人 東京 正社員,C7_地域KW,500,Buy,A,High,低,,推定/根拠:求人DB（Indeed/大手）が上位独占。記事単体では勝ちにくい
保育士 求人 東京 パート,C7_地域KW,500,Buy,A,High,低,,推定/根拠:求人DB（Indeed/大手）が上位独占。記事単体では勝ちにくい
保育士 派遣 東京,C7_地域KW,500,Buy,A,High,低,,推定/根拠:求人DB（Indeed/大手）が上位独占。記事単体では勝ちにくい
保育士 求人 大阪 未経験,C7_地域KW,100,Buy,A,Mid,低,,推定/根拠:求人DB（Indeed/大手）が上位独占。記事単体では勝ちにくい
保育士 借り上げ社宅 東京 2026,C7_地域KW,500,Know,A,Mid,中,,推定/根拠:自治体の宿舎借り上げは年度ごとに変動。一次情報整理で勝てる【P2重点:30代・経験5年以上・失敗回避層】
保育士 家賃補助 自治体 比較,C7_地域KW,100,Know,A,Low,低,39,推定/根拠:自治体横断比較は誰も丁寧にやっていない。地域KWのハブになる【P2重点:30代・経験5年以上・失敗回避層】
保育士 給料 高い 自治体,C7_地域KW,100,Know,A,Low,低,,【P2重点:30代・経験5年以上・失敗回避層】
保育士 上京 支援,C7_地域KW,100,Know,A,Low,低,,推定/根拠:求人DB（Indeed/大手）が上位独占。記事単体では勝ちにくい
保育士 地方から東京 転職,C7_地域KW,50,Know,A,Low,低,,推定/根拠:求人DB（Indeed/大手）が上位独占。記事単体では勝ちにくい
保育士 Uターン転職,C7_地域KW,100,Know,B,Low,低,,推定/根拠:求人DB（Indeed/大手）が上位独占。記事単体では勝ちにくい
保育士 引っ越し 転職 同時,C7_地域KW,50,Know,B,Low,低,,推定/根拠:求人DB（Indeed/大手）が上位独占。記事単体では勝ちにくい
保育士 有効求人倍率 都道府県,C7_地域KW,500,Know,C,Mid,高,,推定/根拠:求人DB（Indeed/大手）が上位独占。記事単体では勝ちにくい
保育園 評判 調べ方 転職,C8_園・法人の評判（要法務確認）,100,Know,A,Low,低,,推定/根拠:固有名を出さず『調べ方』に抽象化すればリスク回避しつつ需要を取れる
社会福祉法人 保育園 働きやすさ,C8_園・法人の評判（要法務確認）,100,Know,B,Low,低,,【リスク要注意】名誉毀損・信用毀損・景表法。法人固有名の断定的評価は載せず、一次情報（離職率・現況報告書・行政指導歴）へのリンクと事実提示に限定。6ヶ月フェーズでは着手しない
株式会社 保育園 社会福祉法人 違い,C8_園・法人の評判（要法務確認）,500,Know,B,Mid,中,,推定/根拠:運営主体で労務・昇給構造が変わる。園長が構造差を説明できる【P2重点:30代・経験5年以上・失敗回避層】
大手保育園 ランキング 働きやすさ,C8_園・法人の評判（要法務確認）,100,Know,A,Mid,低,,【リスク要注意】名誉毀損・信用毀損・景表法。法人固有名の断定的評価は載せず、一次情報（離職率・現況報告書・行政指導歴）へのリンクと事実提示に限定。6ヶ月フェーズでは着手しない
保育園 口コミサイト 保育士向け,C8_園・法人の評判（要法務確認）,100,Go,B,Low,低,,【リスク要注意】名誉毀損・信用毀損・景表法。法人固有名の断定的評価は載せず、一次情報（離職率・現況報告書・行政指導歴）へのリンクと事実提示に限定。6ヶ月フェーズでは着手しない
保育園 ホワイト 特徴,C8_園・法人の評判（要法務確認）,100,Know,A,Low,低,,【P2重点:30代・経験5年以上・失敗回避層】
保育園 離職率 高い 理由,C8_園・法人の評判（要法務確認）,100,Know,B,Low,低,,要注意/名誉毀損・景表法リスク。断定評価は避け一次情報リンクのみ
保育士 転職 口コミ 信用できる,C8_園・法人の評判（要法務確認）,50,Know,B,Low,低,,【リスク要注意】名誉毀損・信用毀損・景表法。法人固有名の断定的評価は載せず、一次情報（離職率・現況報告書・行政指導歴）へのリンクと事実提示に限定。6ヶ月フェーズでは着手しない
保育園 行政指導 調べ方,C8_園・法人の評判（要法務確認）,50,Do,B,Low,低,,【リスク要注意】名誉毀損・信用毀損・景表法。法人固有名の断定的評価は載せず、一次情報（離職率・現況報告書・行政指導歴）へのリンクと事実提示に限定。6ヶ月フェーズでは着手しない
保育園 運営会社 調べ方,C8_園・法人の評判（要法務確認）,50,Do,B,Low,低,,【リスク要注意】名誉毀損・信用毀損・景表法。法人固有名の断定的評価は載せず、一次情報（離職率・現況報告書・行政指導歴）へのリンクと事実提示に限定。6ヶ月フェーズでは着手しない
保育園 現況報告書 見方,C8_園・法人の評判（要法務確認）,50,Do,A,Low,低,,推定/根拠:社会福祉法人の現況報告書は公開一次情報。読み方解説は競合皆無【P2重点:30代・経験5年以上・失敗回避層】
グローバルキッズ 保育士 評判,C8_園・法人の評判（要法務確認）,500,Know,A,Mid,低,,【リスク要注意】名誉毀損・信用毀損・景表法。法人固有名の断定的評価は載せず、一次情報（離職率・現況報告書・行政指導歴）へのリンクと事実提示に限定。6ヶ月フェーズでは着手しない
ポピンズ 保育士 評判,C8_園・法人の評判（要法務確認）,100,Know,A,Mid,低,,【リスク要注意】名誉毀損・信用毀損・景表法。法人固有名の断定的評価は載せず、一次情報（離職率・現況報告書・行政指導歴）へのリンクと事実提示に限定。6ヶ月フェーズでは着手しない
にじいろ保育園 評判 保育士,C8_園・法人の評判（要法務確認）,100,Know,A,Mid,低,,【リスク要注意】名誉毀損・信用毀損・景表法。法人固有名の断定的評価は載せず、一次情報（離職率・現況報告書・行政指導歴）へのリンクと事実提示に限定。6ヶ月フェーズでは着手しない
アスク保育園 評判 保育士,C8_園・法人の評判（要法務確認）,100,Know,A,Mid,低,,【リスク要注意】名誉毀損・信用毀損・景表法。法人固有名の断定的評価は載せず、一次情報（離職率・現況報告書・行政指導歴）へのリンクと事実提示に限定。6ヶ月フェーズでは着手しない
保育士 辞めて 別の仕事,C9_異業種・保育士以外のキャリア,500,Know,B,Mid,低,,推定/根拠:『保育士以外の仕事』系。大手が21〜25選型で網羅済み
保育士 異業種 転職,C9_異業種・保育士以外のキャリア,"1,000",Know,B,High,低,,推定/根拠:『20選』型の網羅記事が大手に存在。年代別体験談で差別化
保育士 から 事務職,C9_異業種・保育士以外のキャリア,500,Know,B,Mid,低,,推定/根拠:最頻出の転職先。未経験事務の現実を具体で書けば勝機
保育士 から 一般企業,C9_異業種・保育士以外のキャリア,500,Know,B,Mid,低,,推定/根拠:『保育士以外の仕事』系。大手が21〜25選型で網羅済み
保育士 から 介護職,C9_異業種・保育士以外のキャリア,500,Know,A,Mid,低,,推定/根拠:『保育士以外の仕事』系。大手が21〜25選型で網羅済み
保育士 から 看護助手,C9_異業種・保育士以外のキャリア,100,Know,A,Low,低,,推定/根拠:『保育士以外の仕事』系。大手が21〜25選型で網羅済み
保育士 から 児童指導員,C9_異業種・保育士以外のキャリア,500,Know,A,Mid,中,,推定/根拠:『保育士以外の仕事』系。大手が21〜25選型で網羅済み
保育士 から 公務員,C9_異業種・保育士以外のキャリア,500,Know,B,Mid,中,,推定/根拠:『保育士以外の仕事』系。大手が21〜25選型で網羅済み
保育士 から 営業職,C9_異業種・保育士以外のキャリア,100,Know,B,Low,低,,推定/根拠:『保育士以外の仕事』系。大手が21〜25選型で網羅済み
保育士 から 医療事務,C9_異業種・保育士以外のキャリア,100,Know,B,Low,低,,推定/根拠:『保育士以外の仕事』系。大手が21〜25選型で網羅済み
保育士 から IT 転職,C9_異業種・保育士以外のキャリア,100,Know,B,Low,低,,推定/根拠:『保育士以外の仕事』系。大手が21〜25選型で網羅済み
保育士 から webデザイナー,C9_異業種・保育士以外のキャリア,100,Know,B,Low,低,,推定/根拠:『保育士以外の仕事』系。大手が21〜25選型で網羅済み
保育士 から コールセンター,C9_異業種・保育士以外のキャリア,50,Know,B,Low,低,,推定/根拠:『保育士以外の仕事』系。大手が21〜25選型で網羅済み
保育士 から 販売職,C9_異業種・保育士以外のキャリア,50,Know,C,Low,低,,推定/根拠:『保育士以外の仕事』系。大手が21〜25選型で網羅済み
保育士 から 幼児教室 講師,C9_異業種・保育士以外のキャリア,100,Know,A,Low,低,,推定/根拠:『保育士以外の仕事』系。大手が21〜25選型で網羅済み
保育士 から 塾講師,C9_異業種・保育士以外のキャリア,50,Know,B,Low,低,,推定/根拠:『保育士以外の仕事』系。大手が21〜25選型で網羅済み
保育士 から ベビーシッター 独立,C9_異業種・保育士以外のキャリア,100,Know,A,Low,低,,推定/根拠:『保育士以外の仕事』系。大手が21〜25選型で網羅済み
保育士 から 人材紹介会社,C9_異業種・保育士以外のキャリア,50,Know,B,Low,低,,【利益相反フラグ:紹介会社送客収益と主張が衝突しうる。中立記述＋収益導線の設計を別途協議】
保育士 から 保育園 本部 職員,C9_異業種・保育士以外のキャリア,50,Know,A,Low,低,,推定/根拠:『現場を離れて業界に残る』ニッチ。園長のキャリア知見で独占可能
保育士 30代 異業種 未経験,C9_異業種・保育士以外のキャリア,100,Know,B,Low,低,,【P2重点:30代・経験5年以上・失敗回避層】
保育士 20代 異業種 転職,C9_異業種・保育士以外のキャリア,100,Know,B,Low,低,,推定/根拠:『保育士以外の仕事』系。大手が21〜25選型で網羅済み
保育士 辞めた人 その後,C9_異業種・保育士以外のキャリア,500,Know,B,Mid,低,,推定/根拠:『保育士以外の仕事』系。大手が21〜25選型で網羅済み
保育士 転職 潰しが効かない,C9_異業種・保育士以外のキャリア,100,Know,B,Low,低,,推定/根拠:『保育士以外の仕事』系。大手が21〜25選型で網羅済み
保育士 スキル 言い換え 職務経歴書,C9_異業種・保育士以外のキャリア,50,Do,B,Low,低,,推定/根拠:保育経験のビジネス語への翻訳。採用側目線の翻訳例が書ける【P2重点:30代・経験5年以上・失敗回避層】
保育士 資格 一般企業 有利,C9_異業種・保育士以外のキャリア,100,Know,B,Low,低,,推定/根拠:『保育士以外の仕事』系。大手が21〜25選型で網羅済み
保育士 有効求人倍率,C10_市場・制度・データ（権威付け）,"1,000",Know,C,Mid,高,,推定/根拠:2026年1月 全国平均3.88倍（各社が職業安定業務統計を引用）
保育士不足 原因,C10_市場・制度・データ（権威付け）,"1,000",Know,C,Mid,高,,推定/根拠:官公庁データ引用型。CVは遠いが被リンク・E-E-A-T獲得用
潜在保育士 とは,C10_市場・制度・データ（権威付け）,500,Know,C,Mid,高,,推定/根拠:登録約185万人・従事約115万人（こども家庭庁調査の引用が各社に流通）
保育士 配置基準 2026,C10_市場・制度・データ（権威付け）,"1,000",Know,C,Mid,高,,推定/根拠:官公庁データ引用型。CVは遠いが被リンク・E-E-A-T獲得用
保育士 配置基準 改正 いつ,C10_市場・制度・データ（権威付け）,500,Know,C,Mid,高,,推定/根拠:官公庁データ引用型。CVは遠いが被リンク・E-E-A-T獲得用
保育士 働き方改革 事例,C10_市場・制度・データ（権威付け）,100,Know,C,Low,中,,推定/根拠:官公庁データ引用型。CVは遠いが被リンク・E-E-A-T獲得用
保育士 離職率,C10_市場・制度・データ（権威付け）,"1,000",Know,C,Mid,高,,推定/根拠:官公庁データ引用型。CVは遠いが被リンク・E-E-A-T獲得用
保育士 平均勤続年数,C10_市場・制度・データ（権威付け）,500,Know,C,Mid,高,,推定/根拠:官公庁データ引用型。CVは遠いが被リンク・E-E-A-T獲得用
保育士 退職理由 ランキング,C10_市場・制度・データ（権威付け）,500,Know,B,Mid,中,,推定/根拠:人間関係33.5〜38%が1位（各社調査）。悩み層の入口として有効
男性保育士,C10_市場・制度・データ（権威付け）,"5,000",Know,C,Mid,中,,推定/根拠:官公庁データ引用型。CVは遠いが被リンク・E-E-A-T獲得用
男性保育士 給料,C10_市場・制度・データ（権威付け）,500,Know,B,Mid,高,,推定/根拠:官公庁データ引用型。CVは遠いが被リンク・E-E-A-T獲得用
男性保育士 きつい 現実,C10_市場・制度・データ（権威付け）,100,Know,B,Low,低,,推定/根拠:当事者体験が薄い領域。男性層は競合が少なくCV効率が良い
男性保育士 転職 おすすめ 職場,C10_市場・制度・データ（権威付け）,100,Know,A,Low,低,,推定/根拠:採用側が男性保育士をどう評価・配置するかは決裁者情報
男性保育士 結婚 生活できない,C10_市場・制度・データ（権威付け）,100,Know,B,Low,低,,推定/根拠:官公庁データ引用型。CVは遠いが被リンク・E-E-A-T獲得用
保育士 割合 年齢層,C10_市場・制度・データ（権威付け）,100,Know,C,Low,高,,推定/根拠:官公庁データ引用型。CVは遠いが被リンク・E-E-A-T獲得用
こども誰でも通園制度 保育士 影響,C10_市場・制度・データ（権威付け）,100,Know,C,Low,中,,推定/根拠:官公庁データ引用型。CVは遠いが被リンク・E-E-A-T獲得用
保育士 人手不足 いつまで,C10_市場・制度・データ（権威付け）,100,Know,C,Low,高,,推定/根拠:官公庁データ引用型。CVは遠いが被リンク・E-E-A-T獲得用
保育士 将来性,C10_市場・制度・データ（権威付け）,500,Know,B,Mid,中,,推定/根拠:官公庁データ引用型。CVは遠いが被リンク・E-E-A-T獲得用
保育士 定年,C10_市場・制度・データ（権威付け）,100,Know,C,Low,高,,推定/根拠:官公庁データ引用型。CVは遠いが被リンク・E-E-A-T獲得用
保育士 転職 市場 2026,C10_市場・制度・データ（権威付け）,50,Know,B,Low,中,,推定/根拠:官公庁データ引用型。CVは遠いが被リンク・E-E-A-T獲得用
保育士 採用 売り手市場 いつまで,C10_市場・制度・データ（権威付け）,50,Know,B,Low,中,,推定/根拠:有効求人倍率3.88倍の意味を採用側から翻訳できる
